Year,Current Assets,Current Liabilities,Total Liabilities,Total Equity,Debt-to-Equity,Current Ratio
2021,1505450.0,190035.0,190035.0,1537877.0,0.12356970030763188,7.921961743889284
2022,1676274.0,159843.0,159843.0,1685147.0,0.09485403943988269,10.487002871567725
2023,1934729.0,138008.0,138008.0,1913092.0,0.07213871575439132,14.018962668830792
