Year,Revenue,Expenses,Net Income,Revenue Growth (%),Expenses Growth (%),Profit Margin (%)
2021,608848.0,-580620.0,123279.0,,,20.247910808609046
2022,677149.0,-591837.0,171926.0,11.21807084855333,1.9319003823498937,25.38968528344574
2023,732959.0,-565707.0,262330.0,8.241908353995942,-4.415066986349281,35.79054217220881
